Customer,Workspace,DeviceId
wilhelminapark,847113c9-7caf-495e-bfd3-5fb75df80804,7368879e43afbdfc172b08cb676aa05f6a3c0b71
wilhelminapark,847113c9-7caf-495e-bfd3-5fb75df80804,cc7dd572a80687e2dc3b9fa5e4f4af1665057ce9
wilhelminapark,847113c9-7caf-495e-bfd3-5fb75df80804,b2174aa4c5dfb0e6096f7705e9a52fc844ecc4ef
wilhelminapark,847113c9-7caf-495e-bfd3-5fb75df80804,f37092806f3d6df2056eeb026385469f43e1aaba
wilhelminapark,847113c9-7caf-495e-bfd3-5fb75df80804,c7a029e46e0f052e9f209ca1d3955c76face5c3c
wilhelminapark,847113c9-7caf-495e-bfd3-5fb75df80804,65f3c1be2966b2d4c71c3006c54240cf6d45f720
welten,2fd2fcfa-3d0c-4b6c-84a0-91fc38a287e5,15c482702828af6812232c90ec9fd74e91c50fe8
welten,2fd2fcfa-3d0c-4b6c-84a0-91fc38a287e5,7723f54a74cc77475be4bfa892fc3d293af64bbe
welten,2fd2fcfa-3d0c-4b6c-84a0-91fc38a287e5,b7b2060ed8d57f9e9e26b07dee93c5d45763b146
welten,2fd2fcfa-3d0c-4b6c-84a0-91fc38a287e5,492d36d6469b0bc06c247db9c437c3ee4afa69e1
welten,2fd2fcfa-3d0c-4b6c-84a0-91fc38a287e5,b09d459c8372c78d05a257d44417ccbaa35e9ad8
hogebieren,dbee572e-87a8-4765-9ecf-1f045792f640,8219f52a15673615eb27330d5a518f6063c420b4
hogebieren,dbee572e-87a8-4765-9ecf-1f045792f640,783d512d1812a984bd8301c2d4b8c1de21241aaa
hegelsom,3fe98ea3-d616-4e54-897e-ae1c5fffbf1c,6f332c9f7ff1551176b70b05c6f99a15048372d1
zijpe,6aa470ed-e1e6-46b9-932b-15cb3e07f729,9bf858136211585de2d57d7d9a955f8b3b40e6bb
urmond,be645fc6-5b7c-47f5-bed3-b111ecb0f4e4,03dd3b81f2122e551d7557c4168adeb5c2c5fe7d
urmond,be645fc6-5b7c-47f5-bed3-b111ecb0f4e4,8bc38ad281665d6fc2d52f220ae941cb6181b6a2
urmond,be645fc6-5b7c-47f5-bed3-b111ecb0f4e4,4b01ba0497916c43b80d199ed3c4850943896a8b
urmond,be645fc6-5b7c-47f5-bed3-b111ecb0f4e4,421c562178d2842aac075d0675f1735d8ad41381
urmond,be645fc6-5b7c-47f5-bed3-b111ecb0f4e4,700b88808197b4509f7cc61009f02e5131d8ad7a
urmond,be645fc6-5b7c-47f5-bed3-b111ecb0f4e4,382aecc65f1f040f794ceb6a5153c51393f5fba5
urmond,be645fc6-5b7c-47f5-bed3-b111ecb0f4e4,de98f766aeec04a47cfa4530f767ca43541ab701
urmond,be645fc6-5b7c-47f5-bed3-b111ecb0f4e4,bf5950488af3d50d5cbd7c36d2fdd3f74d1c6b1d
urmond,be645fc6-5b7c-47f5-bed3-b111ecb0f4e4,cbf33533c996cd5e27422fc50853b5ab7ec6173e
urmond,be645fc6-5b7c-47f5-bed3-b111ecb0f4e4,7d37422b5f974a307650ceeee546cc7925250977
urmond,be645fc6-5b7c-47f5-bed3-b111ecb0f4e4,466364812e3551b8b91b3d259748e4832d387918
urmond,be645fc6-5b7c-47f5-bed3-b111ecb0f4e4,28bc6afc560be49f019a785bed1ee0150f99a733
urmond,be645fc6-5b7c-47f5-bed3-b111ecb0f4e4,fa8903e6b0e2c21326163faa6cb4558c7fe5af52
urmond,be645fc6-5b7c-47f5-bed3-b111ecb0f4e4,1a2252d76fda1b886132bd9d9d68a4de992d72a0
urmond,be645fc6-5b7c-47f5-bed3-b111ecb0f4e4,1cc027a8b1367b1fa32b79fc9acda873cab0b454
urmond,be645fc6-5b7c-47f5-bed3-b111ecb0f4e4,63d9c67b82f7a1e44a7a9dac912f6d9d322fe000
urmond,be645fc6-5b7c-47f5-bed3-b111ecb0f4e4,0960c0d65e4b7d68eddf59d82ce49adaef22d8ae
urmond,be645fc6-5b7c-47f5-bed3-b111ecb0f4e4,f86a2c93a86aef621cf38c94924cb723fe74a5fe
urmond,be645fc6-5b7c-47f5-bed3-b111ecb0f4e4,b2632f187bbbb55c0bd51582e328135adb2408eb
urmond,be645fc6-5b7c-47f5-bed3-b111ecb0f4e4,c99689b8c687457d96dfceef3ab314824735b6a7
urmond,be645fc6-5b7c-47f5-bed3-b111ecb0f4e4,6e2a46740cc6e720e034903a0945ef43e4c25dbc
urmond,be645fc6-5b7c-47f5-bed3-b111ecb0f4e4,f6a7e43e315b5877aea3faaa8c6e6fff4c18cf42
urmond,be645fc6-5b7c-47f5-bed3-b111ecb0f4e4,0e04e4896e48fe9d0079a8542c71696b0b550df3
urmond,be645fc6-5b7c-47f5-bed3-b111ecb0f4e4,331ed786f7edbfa689a5d24f7984a1943b0c7a64
urmond,be645fc6-5b7c-47f5-bed3-b111ecb0f4e4,0dc4f172b49fe9dc43ba09ea55d4194e7b82c8d0
urmond,be645fc6-5b7c-47f5-bed3-b111ecb0f4e4,9cfc662665e993fe97592d741ecbfaa6c317fe39
urmond,be645fc6-5b7c-47f5-bed3-b111ecb0f4e4,e86acac9aaf4ef5a11f27f99cca0cbf502510f3c
urmond,be645fc6-5b7c-47f5-bed3-b111ecb0f4e4,c8fb79dcb9076d79271a66689fb73735fc5d19c4
urmond,be645fc6-5b7c-47f5-bed3-b111ecb0f4e4,cdc7a3ac3d138ae532d4b12dd000404c6078c685
urmond,be645fc6-5b7c-47f5-bed3-b111ecb0f4e4,7fd8ce6bbfda94c10fd01729e23e677bf2460644
urmond,be645fc6-5b7c-47f5-bed3-b111ecb0f4e4,e69cdf63037cf95e90214ad2fc321d6a8615ae23
urmond,be645fc6-5b7c-47f5-bed3-b111ecb0f4e4,3a23db190057ae5a7d63213ee9dfb22281034736
urmond,be645fc6-5b7c-47f5-bed3-b111ecb0f4e4,c94456181dff14cc0ba8d82d97f15a952287f9e4
urmond,be645fc6-5b7c-47f5-bed3-b111ecb0f4e4,825261687066280f6d05fcb27b17335da513997d
urmond,be645fc6-5b7c-47f5-bed3-b111ecb0f4e4,1ba997dcecd6be931dab5302f6c7c46b0df15c95
urmond,be645fc6-5b7c-47f5-bed3-b111ecb0f4e4,282cc620173ca3d7623b0eddf429fecf8fb25645
urmond,be645fc6-5b7c-47f5-bed3-b111ecb0f4e4,6ffcafaf068caca337d3ac0c8316cb4ebd5c8c43
urmond,be645fc6-5b7c-47f5-bed3-b111ecb0f4e4,86215de75fc6da7a1a51d6efb4be5d45a88f75e0
urmond,be645fc6-5b7c-47f5-bed3-b111ecb0f4e4,fbba0d7df0c30a7e26ed5004de438c3fa3a09612
urmond,be645fc6-5b7c-47f5-bed3-b111ecb0f4e4,3da7df87595a3593a21ac2f43c2a6344af331ff4
urmond,be645fc6-5b7c-47f5-bed3-b111ecb0f4e4,15c8ac3b3c8fe3a271d7c576daba90cd9ae5e1ad
urmond,be645fc6-5b7c-47f5-bed3-b111ecb0f4e4,6cedddfce14c8e656076b173e309ac0cffef020e
urmond,be645fc6-5b7c-47f5-bed3-b111ecb0f4e4,74b9c7031e655c805d4c71932f55979b7a10cb2a
urmond,be645fc6-5b7c-47f5-bed3-b111ecb0f4e4,41d1da49af426f85141a53ac0280cdc778c474c9
urmond,be645fc6-5b7c-47f5-bed3-b111ecb0f4e4,489f0a691a9f220cb54a33d9b479b2acaef0e05e
urmond,be645fc6-5b7c-47f5-bed3-b111ecb0f4e4,a383239fcc225d0d8aeab68d8e39ec99c424331c
urmond,be645fc6-5b7c-47f5-bed3-b111ecb0f4e4,ad74ab4ebfbe6dc2afad2f7dd0865d7f96e4a821
urmond,be645fc6-5b7c-47f5-bed3-b111ecb0f4e4,cfd7bc063384dd0d4fb911dce6287ee7e7a782d4
urmond,be645fc6-5b7c-47f5-bed3-b111ecb0f4e4,ae03f2b735f8497d0512351d7f5032483dc31e63
urmond,be645fc6-5b7c-47f5-bed3-b111ecb0f4e4,38f7429c766708868809c6afa4aff03a1837e388
urmond,be645fc6-5b7c-47f5-bed3-b111ecb0f4e4,90ba89d2e4c2b69c09d6625729002c0bef1faf08
urmond,be645fc6-5b7c-47f5-bed3-b111ecb0f4e4,3168b30974d693de7f9a983e1038f74e1915a744
urmond,be645fc6-5b7c-47f5-bed3-b111ecb0f4e4,c2e95b14947d22995fd51ac13ac7875361296c19
urmond,be645fc6-5b7c-47f5-bed3-b111ecb0f4e4,0589633482ba3ca49872f27158499a45ad2077e0
urmond,be645fc6-5b7c-47f5-bed3-b111ecb0f4e4,7227ffb0d03095c5a4c615cadd3d816c4389b629
urmond,be645fc6-5b7c-47f5-bed3-b111ecb0f4e4,1212d94daafb10f6fcf96725eddd412aa201ee3a
urmond,be645fc6-5b7c-47f5-bed3-b111ecb0f4e4,73c2cce48c56e6863b5afa9ff2d7e4becf67c308
gramsbergen,ad8baf09-6cf3-4207-a188-b164f0ccb54d,3a5ebe5ad817ab34de0ff0336ce72267f32a5ebd
gramsbergen,ad8baf09-6cf3-4207-a188-b164f0ccb54d,1802c873c5d2694e095de3539fa38eba8e97b991
gramsbergen,ad8baf09-6cf3-4207-a188-b164f0ccb54d,1c0ef7b36c4e9696e5c6a44489aa50a9025170de
zijderveld,a3191372-7f42-4d55-8726-41247622f70f,39dcded2dfa41b4cc855a1665361005fcf8564ac
zijderveld,a3191372-7f42-4d55-8726-41247622f70f,c31c060a8cd98bab2cf574488217aee6abbebc7e
zijderveld,a3191372-7f42-4d55-8726-41247622f70f,4b99f70969606273ae63b00f25e012c8638f616b
hulst,62ab0de4-9100-4695-8d3c-2123d062858b,438c5b792a632b646040d0c625390ed2c46c0a6d
hulst,62ab0de4-9100-4695-8d3c-2123d062858b,c71c9c643f18bdfdb3f8775a901dd5c92bb172c8
zuidveen,4396534a-4f6e-45eb-892e-e685dbba0d5b,abb5a2630f32ad3350606f6f49b3fbccca0ef2c2
zuidveen,4396534a-4f6e-45eb-892e-e685dbba0d5b,0531f96eb541704116237b1d9e1f9f4d8697164a
zuidveen,4396534a-4f6e-45eb-892e-e685dbba0d5b,004e139ac92059ae6800e1cb27ef58ed04f5d482
zuidveen,4396534a-4f6e-45eb-892e-e685dbba0d5b,eca110ebd0a93ca28e0571e28b5979b7b2a27c79
zuidveen,4396534a-4f6e-45eb-892e-e685dbba0d5b,250a40806a68f0d2ebfdaca8c964984db09e98be
zuidveen,4396534a-4f6e-45eb-892e-e685dbba0d5b,8fd31af53a27915aa7ac7431530c12babf26d668
zuidveen,4396534a-4f6e-45eb-892e-e685dbba0d5b,f36d9d4b434f839295bd87eaf3cfabd88155ba89
lunteren,b2639e41-f252-4648-a609-dd676d1f6a81,1551055f149fabc97feac6d7231eac476ba830a3
lunteren,b2639e41-f252-4648-a609-dd676d1f6a81,50e8ff9ad5ef716bab664ee7007416c6e987dcbc
lunteren,b2639e41-f252-4648-a609-dd676d1f6a81,18c86c06683c1a83c38e092df5ed8230eedd8f13
lunteren,b2639e41-f252-4648-a609-dd676d1f6a81,d2703fd500b79dfbbc170382a97101466ee83428
lunteren,b2639e41-f252-4648-a609-dd676d1f6a81,44d1c41f2176a817945ca2b9cf2777d6ecb81b01
lunteren,b2639e41-f252-4648-a609-dd676d1f6a81,7222d82ebaf1917980954e7ae624c8807cb5bf03
lunteren,b2639e41-f252-4648-a609-dd676d1f6a81,4265b82a8b9d5b4a775c1f05eb3759910464fc2d
appelscha,c0458efd-c8a7-4a36-8f51-deb325ef63cc,05c8218d6f32eea2970db757beae9a425f2d0d34
appelscha,c0458efd-c8a7-4a36-8f51-deb325ef63cc,a6152101fce33a95d9df841440a20e347e82bb46
appelscha,c0458efd-c8a7-4a36-8f51-deb325ef63cc,a4008d1b8491f156a62409410b833c221ce16c7b
appelscha,c0458efd-c8a7-4a36-8f51-deb325ef63cc,75725c3534f4982406f7d6596051b608b9a047a8
appelscha,c0458efd-c8a7-4a36-8f51-deb325ef63cc,87258debfc5a162447b7545b96c3ea308a6e157a
appelscha,c0458efd-c8a7-4a36-8f51-deb325ef63cc,4bbaa86027cbcda46d5f46ed79c462dfc94fd521
appelscha,c0458efd-c8a7-4a36-8f51-deb325ef63cc,38a21915872c6e5c592f7437892aa4fb749457b6
foxhol,f11c075f-dc5c-47c1-bac4-ec61d208220e,25756deb8e36be5fb1eef2a5ebf3683d501cea1a
foxhol,f11c075f-dc5c-47c1-bac4-ec61d208220e,a566381750d905aea2b0164e0e0724561c2aabf7
foxhol,f11c075f-dc5c-47c1-bac4-ec61d208220e,1b2fd3cc64232d9462b10663dccf7a5c5f315660
foxhol,f11c075f-dc5c-47c1-bac4-ec61d208220e,31b25d9d16d843b878c5ff97dea2947dadf51e79
foxhol,f11c075f-dc5c-47c1-bac4-ec61d208220e,8a312b00b32beedbc633acdc7739c08ae6ea4f8a
foxhol,f11c075f-dc5c-47c1-bac4-ec61d208220e,700ea801c720bce43ed315e680badcfd8d11361a
pesse,1ee323a1-a964-4fa6-a22c-5cff659bdc9e,23376c7fd1cc48963f55b7c983c3f879f9f0dec1
gorinchem,d58acd9d-2a10-401d-9e83-49c96dfd2db1,ed31b42005646d190ff09d4fbf144dce7235a8c1
gorinchem,d58acd9d-2a10-401d-9e83-49c96dfd2db1,800215dcbf281b7f13208af007b10fa7f3f946c5
gorinchem,d58acd9d-2a10-401d-9e83-49c96dfd2db1,32def438cc5d82daa0a0644161712cb0febad6fd
gorinchem,d58acd9d-2a10-401d-9e83-49c96dfd2db1,b5a7e629980e918d639f31475cfba1e830129084
gorinchem,d58acd9d-2a10-401d-9e83-49c96dfd2db1,502325a14d770a18eb91cf013ad42d63ec668b9e
gorinchem,d58acd9d-2a10-401d-9e83-49c96dfd2db1,acc8f5c937a7635dca667e8b91dd270252a396b6
gorinchem,d58acd9d-2a10-401d-9e83-49c96dfd2db1,05cd4580efcdb3b8747e90c89cfb284b0ba63384
britsum,19ef1395-96a3-484e-a8d4-35c6887874f4,31eca725c2346510fc882ef10fc13e2285ef4fb3
britsum,19ef1395-96a3-484e-a8d4-35c6887874f4,ab09d33aa5fcf4dd33f3876b0b8374c9bd020c9b
blauwhuis,e6846a22-91cb-4be1-a2fd-d11c68e8be9b,18cee9458c3164c4fcb9b4ff876baf33bcc22257
maarn,e0854e68-81e2-4cd1-8740-07ed572d8458,dfed839749af369ec7f834fdbd0cca63a10eb21f
maarn,e0854e68-81e2-4cd1-8740-07ed572d8458,2530cd95903ef1d6c0fe2b1e8a90bdb5dd5acb35
maarn,e0854e68-81e2-4cd1-8740-07ed572d8458,f9f5266903f5cb1d527477c76f0962b78fc4f0d9
maarn,e0854e68-81e2-4cd1-8740-07ed572d8458,c8b0f3d70c1e42cf02815247b360cb122e478956
maarn,e0854e68-81e2-4cd1-8740-07ed572d8458,541d1aa84c2f7e78bf93cd72f99c294513ebcb33
maarn,e0854e68-81e2-4cd1-8740-07ed572d8458,84a20ac2f135f47cb338502c14422bfc2a9dff11
maarn,e0854e68-81e2-4cd1-8740-07ed572d8458,164b2068b3ac753a6ec3a92abd5af71d57d0484f
maarn,e0854e68-81e2-4cd1-8740-07ed572d8458,f96d426006006bd6f664cc43bad70c51f3cc7442
maarn,e0854e68-81e2-4cd1-8740-07ed572d8458,b84e518c217150a2970c2ccfb595d0e355a77a88
leuvenheim,c8f88ddb-3aa7-44ef-835a-5053728f5c9a,464461ed186668d83fdd4510528fd344930cd2e9
leuvenheim,c8f88ddb-3aa7-44ef-835a-5053728f5c9a,473e34e1543685cdf21b791d32cc23b933ee8514
leuvenheim,c8f88ddb-3aa7-44ef-835a-5053728f5c9a,d15f5c4bb71371a77ac5b1e1f823686556ad0452
oostdijk,a778bfab-5ca5-493d-b001-f629d9bcec70,25bf45a651dcab5ec8d716bbc15bce2beceba165
oostdijk,a778bfab-5ca5-493d-b001-f629d9bcec70,59e415afa4aad3b4191cad13adf389aaeb6fb677
oostdijk,a778bfab-5ca5-493d-b001-f629d9bcec70,f555d9daba079c7e1d6491e7ceaba90ee9a92b0f
oostdijk,a778bfab-5ca5-493d-b001-f629d9bcec70,eca29dc1400545fcb27436274a66f3dc62fa69a7
echten,eb33369a-f6ad-4074-b82b-cbeaecfef733,112a875825d10ec831af25f7599742fec2e0ebd2
zwammerdam,309a0f27-14cd-474e-bacf-130d5a5bf393,17883e73273fbd29cc3d924f0120a06df7cf25ee
dordrecht,660db8ec-a4de-4a1b-9790-811b3fc79b7a,89d74a58e83f8e0a250cc2078979c422e05464a1
dordrecht,660db8ec-a4de-4a1b-9790-811b3fc79b7a,c9dc963ae3ac215a660ef70963158b59e83d9c17
dordrecht,660db8ec-a4de-4a1b-9790-811b3fc79b7a,3833b6c4a23fe411a9088570b7602a59b93c6697
dordrecht,660db8ec-a4de-4a1b-9790-811b3fc79b7a,79eb3fa85709ed3d70fc1af094d4d78ad90644a1
dordrecht,660db8ec-a4de-4a1b-9790-811b3fc79b7a,3d4f698d16f1ceeb7529d4b8f8e8a5916d87e8d0
niehove,4fecb874-3da7-44ad-a44a-804f7bada0e2,7fffdb03007982fd83fced40bac76339d60b6b08
niehove,4fecb874-3da7-44ad-a44a-804f7bada0e2,3b610469f8e36a415f95afead4ced8e95eb4c2eb
delwijnen,657d0c0f-600b-48f4-a5d1-f307fc600cce,b57c6d857a7494ce3f5231a6ef79e8aee93b9149
delwijnen,657d0c0f-600b-48f4-a5d1-f307fc600cce,2e3e2b498925ba8e6979f7cba9e41b6ff5fca04e
delwijnen,657d0c0f-600b-48f4-a5d1-f307fc600cce,99d9152a95c983c18258cf2c9f55270db2a27add
delwijnen,657d0c0f-600b-48f4-a5d1-f307fc600cce,876a16888eed57c747ef3961487769b3638f14f9
delwijnen,657d0c0f-600b-48f4-a5d1-f307fc600cce,5909e984f55982d622a5d82e3bfe10e03344089d
delwijnen,657d0c0f-600b-48f4-a5d1-f307fc600cce,539e21e98f1bfee52ad3d7c6f813f4789f48c11d
delwijnen,657d0c0f-600b-48f4-a5d1-f307fc600cce,3d073ef150008b0ce1841b895240eda42f19478f
delwijnen,657d0c0f-600b-48f4-a5d1-f307fc600cce,a670f75985280d4d1f817b1898b6aa1ebe1c4021
steenwijk,cbbba568-bec6-4c11-a3ff-4dc01e4ef421,cc8fe9fb09c908dbca6df5a79421e0aba31dbee5
steenwijk,cbbba568-bec6-4c11-a3ff-4dc01e4ef421,3e3a4974c700d4134f2e852fe9dfe9a15375365e
steenwijk,cbbba568-bec6-4c11-a3ff-4dc01e4ef421,1f76b0079c4bcb421cedf555df7894c79923d6ce
steenwijk,cbbba568-bec6-4c11-a3ff-4dc01e4ef421,0d06195b623cad71d8ee6e701ca661f557735151
steenwijk,cbbba568-bec6-4c11-a3ff-4dc01e4ef421,4510389fb877908fd4baf6b630901dfd47238c8e
steenwijk,cbbba568-bec6-4c11-a3ff-4dc01e4ef421,b14d366b7a138a7d43957913fee1f7ae7813de9d
steenwijk,cbbba568-bec6-4c11-a3ff-4dc01e4ef421,c6c4cf95b2b57247bd510524b23d7e0d2b7ac2e2
steenwijk,cbbba568-bec6-4c11-a3ff-4dc01e4ef421,897974a72e0fb81ade28eca3fce8a4aea3e9022f
steenwijk,cbbba568-bec6-4c11-a3ff-4dc01e4ef421,2467846920a3872bf9674ed723bd647c7067c603
steenwijk,cbbba568-bec6-4c11-a3ff-4dc01e4ef421,8c7eaeed0ce2a0895106d397fb1acc4d2b9465d2
steenwijk,cbbba568-bec6-4c11-a3ff-4dc01e4ef421,8414e54fadd927694d5d13fb122bb85a27d7de2e
steenwijk,cbbba568-bec6-4c11-a3ff-4dc01e4ef421,0793695fa7af860ae94bf0da95e4ddabd8f5554c
steenwijk,cbbba568-bec6-4c11-a3ff-4dc01e4ef421,8b19f3280591851a8ee7db2feb97d782e67d035f
steenwijk,cbbba568-bec6-4c11-a3ff-4dc01e4ef421,4208f65e3bae2b0504850e580b39adcc7d93b930
steenwijk,cbbba568-bec6-4c11-a3ff-4dc01e4ef421,3eed398ab4ce261a7790dc3bb25ea09bf8e2cdb9
maartensdijk,5240d943-637a-489d-86f0-a222eaaf2c09,57f3e16b40ccc31f280c32876ecb181537ca8d62
maartensdijk,5240d943-637a-489d-86f0-a222eaaf2c09,585bcc327592b8e3bf38881afff2bbadb28c5d5c
maartensdijk,5240d943-637a-489d-86f0-a222eaaf2c09,11587c0b48853194ee69a244da7c469412f10d0a
katwijk,9c94b30e-66bf-4d5b-8024-7da5f5f9c270,ab07b4461a12ddb73653738db7bf94e6d5e4a6a0
jelsum,19c4455d-21c9-446b-a331-27ca043d627f,ff1d8774a4890705f7289c54163d77efbe056cdb
jelsum,19c4455d-21c9-446b-a331-27ca043d627f,25249de12bf07dc2ab1ed2f0cf856a4324844e11
jelsum,19c4455d-21c9-446b-a331-27ca043d627f,d636f818ef1cf81c500ed64baee8d4e0c969259a
jelsum,19c4455d-21c9-446b-a331-27ca043d627f,547d126112d43b8abd425212e37ff7dddcdfae28
jelsum,19c4455d-21c9-446b-a331-27ca043d627f,83159866377cf9b7bbc5d593356c38741919b29d
jelsum,19c4455d-21c9-446b-a331-27ca043d627f,82652cf74203629a07a7e99b4f87b48a63d8adab
stedum,156e4047-f5a9-4c62-bbfe-1bf74e73f226,ac851e05f31eb30b0b630b2aa38933a0fd222754
stedum,156e4047-f5a9-4c62-bbfe-1bf74e73f226,ee39cced676cd7bb7f83eab4214e87e594a4aab6
stedum,156e4047-f5a9-4c62-bbfe-1bf74e73f226,4666128b01121573dd03f9fca6e758fc09b30b71
notter,87498791-ccf8-4ff4-9be1-2409e526d9fd,c29af1f1a5cde44f212dad547530558c2152379f
notter,87498791-ccf8-4ff4-9be1-2409e526d9fd,51b0cdc6e25705aca15a370a4b83d8e186dad0ca
gulpen,c0ee3904-243c-4838-80d8-56642d502f34,404e087ca841bc3cce53e38dd50154a5eb49d1bd
gulpen,c0ee3904-243c-4838-80d8-56642d502f34,01d0a58aeacc5e5901005095807f093bb80f83eb
gulpen,c0ee3904-243c-4838-80d8-56642d502f34,0138f85d0bf1d4d9f171dc75c0dfd94df03c1fd5
gulpen,c0ee3904-243c-4838-80d8-56642d502f34,62929e6c1a3db0c30d52505923dffd6596d89e73
gulpen,c0ee3904-243c-4838-80d8-56642d502f34,54b1d84928629b519ce7bb0399d5bba460890cd5
gulpen,c0ee3904-243c-4838-80d8-56642d502f34,8fdec8421b00f0830f89da638c92c67e7d496499
gulpen,c0ee3904-243c-4838-80d8-56642d502f34,8b6bb771790f78925737b67e321c8ea5ae08ccd9
gulpen,c0ee3904-243c-4838-80d8-56642d502f34,87bff2a71b2b9989fd924e24a4f9e4145ea5f727
termunterzijl,0653a309-1616-4f76-8685-8a3749e9c317,8e7b4e7f34f2a024c3d1162f02db7c3adbf60ddb
andel,c3f938d6-e4b5-4a2e-84d4-c1d163e1766b,9a7a55f462c6c9000b6dd2fbeb5caf7dc37a4bb2
vierhouten,56bb6238-afe1-4a12-8a42-bb778e8aaf09,4de07041a9c2bce7a95ac0891bd99bb8723b8e3c
strijbeek,5aa0688a-9a94-4d98-a187-1cee3f3c6d25,d882703c491d4fabf5f8b6707ee89f74fd169497
strijbeek,5aa0688a-9a94-4d98-a187-1cee3f3c6d25,79fd490897417856ea74336b1acbd0fbb76d3649
strijbeek,5aa0688a-9a94-4d98-a187-1cee3f3c6d25,394aa0377252e04c8c8a0dae811017f2a1eaf040
zweeloo,751037f2-a273-492e-bee6-ce5e6071844e,d9e39100b73d2881e7e3021d3e0f8a43bff16ec4
oostburg,4fcdf213-e0c8-4d1b-b827-e67669c944d2,471ae423fc28a5cf1368a7247bc552250d23ba17
oostburg,4fcdf213-e0c8-4d1b-b827-e67669c944d2,0b8fe8907c40bf42e10f0e30df375ebd16a74487
oostburg,4fcdf213-e0c8-4d1b-b827-e67669c944d2,3dd7271a4f0c66f2c9d0be2dc54ea960238025ce
oostburg,4fcdf213-e0c8-4d1b-b827-e67669c944d2,6af32f4d71df585b7d3de3112889b5fd64e11d79
oostburg,4fcdf213-e0c8-4d1b-b827-e67669c944d2,1bafde9fe2937b2aac45be386fea12896e642876
oostburg,4fcdf213-e0c8-4d1b-b827-e67669c944d2,1c068903ba4e46e7367861732c1c017dfd471421
oostburg,4fcdf213-e0c8-4d1b-b827-e67669c944d2,960cfa1419ac64f1db26c2a15e066c3b07fd078a
oostburg,4fcdf213-e0c8-4d1b-b827-e67669c944d2,36436ffa7b7098b9214b892a550a4c0e463848ad
oostburg,4fcdf213-e0c8-4d1b-b827-e67669c944d2,8ba884fdc64cec64ce9b29052837f143dd5bb694
oostburg,4fcdf213-e0c8-4d1b-b827-e67669c944d2,9f820c3fe1e4553db223b0eb94a9bd9cbffa72ab
oostburg,4fcdf213-e0c8-4d1b-b827-e67669c944d2,a7556203b98e4fa31a3afd4f98e3ca8bb9985a91
oostburg,4fcdf213-e0c8-4d1b-b827-e67669c944d2,40e08886aa74bacf9fc1372b6514460bb0363d28
oostburg,4fcdf213-e0c8-4d1b-b827-e67669c944d2,544de326f405f77e7154c3f05155345b6f037f97
oostburg,4fcdf213-e0c8-4d1b-b827-e67669c944d2,635ee1f5a39df17804230cfc3a4572d92ad1a342
kruisland,54956487-7205-4fa4-a4ea-ccbbedd51dd5,0436cbb811f7031073e38cf83e54f96b6260a260
kruisland,54956487-7205-4fa4-a4ea-ccbbedd51dd5,54eeedeba337fdb7b356ffa645571e4e8d4a31ee
jannum,305cd869-9c01-48ce-a332-e9f8a3d87958,dee350c99fa6912bfcb8f3b63fcde41ab8b43a35
weidum,9b9b8abe-01ea-4ecd-abf1-0ae2c42d925a,7bdb0ffc19e342d60a37caac0893ccf37e336b0c
blesdijke,a847ac91-8478-420a-bc1b-de0fdab4f8eb,4b9146530b2745244211897bb56c390d3b882aa2
blesdijke,a847ac91-8478-420a-bc1b-de0fdab4f8eb,4eda459b035af0e32a5a44056aff158f40c2f6f4
blesdijke,a847ac91-8478-420a-bc1b-de0fdab4f8eb,1f9aadeff224e76fae007d3eb338c2f4211560c4
blesdijke,a847ac91-8478-420a-bc1b-de0fdab4f8eb,4bcc7500fa0f850efc8d3ddc3f0c7570ce77e0a2
blesdijke,a847ac91-8478-420a-bc1b-de0fdab4f8eb,4676035cb7d8ab6fc60f307a5e69862c40dd068c
blesdijke,a847ac91-8478-420a-bc1b-de0fdab4f8eb,5e34eb136b1244a9694dcd1cf5fabb5153ebd014
blesdijke,a847ac91-8478-420a-bc1b-de0fdab4f8eb,dced8fcf559a69df00ac05a4a6ffab3c519c6807
blesdijke,a847ac91-8478-420a-bc1b-de0fdab4f8eb,47bc33a20fb167c46941cfa5a0ac8b765eab7794
blesdijke,a847ac91-8478-420a-bc1b-de0fdab4f8eb,53c572261f676552bd5895abf7d2465dda24daed
blesdijke,a847ac91-8478-420a-bc1b-de0fdab4f8eb,b728bf19f0ea558a9a90d9bcc377026ef7bccc41
blesdijke,a847ac91-8478-420a-bc1b-de0fdab4f8eb,097e465354730bcdffd2fcb4ff9d05c69eab1a55
blesdijke,a847ac91-8478-420a-bc1b-de0fdab4f8eb,25a6037700dcccb811eb1880b0a674cbe6a3b27a
blesdijke,a847ac91-8478-420a-bc1b-de0fdab4f8eb,97492d143d7c69f3286751cfd05b1ac1e554865b
vriezenveen,d87cfb5f-61e0-4ed8-8329-8fab838bba14,4eaed519b1c08440aa3f1e17c3d2262a0340c271
vriezenveen,d87cfb5f-61e0-4ed8-8329-8fab838bba14,54450c3a622506534a89d67b7bf4ebc02fc3086d
vriezenveen,d87cfb5f-61e0-4ed8-8329-8fab838bba14,87c8d6da56862bfd9ccb0b96182e4362649c5b6c
vriezenveen,d87cfb5f-61e0-4ed8-8329-8fab838bba14,b80c86dff72e54850cec110c47e7ce7ec3afc477
vriezenveen,d87cfb5f-61e0-4ed8-8329-8fab838bba14,89982414fa1b4f358e39b614b8cf5020bb9ce709
vriezenveen,d87cfb5f-61e0-4ed8-8329-8fab838bba14,718d71d437ee6593d12095d8b9e73cede3d3444a
vriezenveen,d87cfb5f-61e0-4ed8-8329-8fab838bba14,a005ed0170e49699f63341ee97265eef2bf443b0
vriezenveen,d87cfb5f-61e0-4ed8-8329-8fab838bba14,7e1597f2bd174a6d1308636b542f36785a0ec902
vriezenveen,d87cfb5f-61e0-4ed8-8329-8fab838bba14,9837839990028e72e597deb2091261485793ea1d
vriezenveen,d87cfb5f-61e0-4ed8-8329-8fab838bba14,f97d3d2a733771f0633f47442de7f6251a30f0dc
vriezenveen,d87cfb5f-61e0-4ed8-8329-8fab838bba14,ab1980e960ad1e611bcfaa7c2f631e97f2c59134
vriezenveen,d87cfb5f-61e0-4ed8-8329-8fab838bba14,fd6293416a0f2a3ef5d6dc47870e2350b1943090
vriezenveen,d87cfb5f-61e0-4ed8-8329-8fab838bba14,c755f44581279897fc9a58aeb857412b98c75771
vriezenveen,d87cfb5f-61e0-4ed8-8329-8fab838bba14,4646717ff9bbf4354231fd59e83c267f1afa6bdf
vriezenveen,d87cfb5f-61e0-4ed8-8329-8fab838bba14,8579de0983ebe212e4578d616e727fca89e20dd1
vriezenveen,d87cfb5f-61e0-4ed8-8329-8fab838bba14,0e2bed5fd2869b5a132d40a42b00ae7bd3df7605
vriezenveen,d87cfb5f-61e0-4ed8-8329-8fab838bba14,2589e2e6e3a897f3be4d9af258badf243a56212c
vriezenveen,d87cfb5f-61e0-4ed8-8329-8fab838bba14,6a747eaeaf3111caa2bfa08d6401ca73baefa439
vriezenveen,d87cfb5f-61e0-4ed8-8329-8fab838bba14,9ce1c74bda6f05ed3fb0d3418c7a1a20a0cdba73
vriezenveen,d87cfb5f-61e0-4ed8-8329-8fab838bba14,92782ced9e380de8bbd3bdbbebf7d1feb73a16d1
vriezenveen,d87cfb5f-61e0-4ed8-8329-8fab838bba14,78a1e77bcdd42f8178798f2f1d1a7f02de7b37b2
vriezenveen,d87cfb5f-61e0-4ed8-8329-8fab838bba14,4d6f20e396136533a8c9cd66bf1322d1a48d003c
vriezenveen,d87cfb5f-61e0-4ed8-8329-8fab838bba14,4b6780b32d3d4d76a2aeea7163c5ba40a5586329
vriezenveen,d87cfb5f-61e0-4ed8-8329-8fab838bba14,38163634c0da35c1f2d383064ca2521a64fffd10
vriezenveen,d87cfb5f-61e0-4ed8-8329-8fab838bba14,0792eba67492990eed02a5d8e33bc4c1d7c8dc49
vriezenveen,d87cfb5f-61e0-4ed8-8329-8fab838bba14,1e226be64e3ba5d5e58d3ca5d21582a0f2e63ef3
vriezenveen,d87cfb5f-61e0-4ed8-8329-8fab838bba14,48fc20fe426a13b67b9a7915f3be7503219f0f7f
vriezenveen,d87cfb5f-61e0-4ed8-8329-8fab838bba14,6f7a1150591db66f3484a8ff6432c1ce1f5aff8c
vriezenveen,d87cfb5f-61e0-4ed8-8329-8fab838bba14,074bb1dcd9b1e5e83adda37a2119f6bf9be6cb37
vriezenveen,d87cfb5f-61e0-4ed8-8329-8fab838bba14,80dda2b897f4d337eb84a1745c308d8c893db737
vriezenveen,d87cfb5f-61e0-4ed8-8329-8fab838bba14,c14b1dd2fb80e20c136a27173fce726150fbb366
vriezenveen,d87cfb5f-61e0-4ed8-8329-8fab838bba14,f09518bb6ad360f9ed64713edf2d66c6dceff308
vriezenveen,d87cfb5f-61e0-4ed8-8329-8fab838bba14,3a2fa6340db757bd67633fb3f38c82eb2b913da4
vriezenveen,d87cfb5f-61e0-4ed8-8329-8fab838bba14,06752d7768f513024605df46759470c394699e0e
vriezenveen,d87cfb5f-61e0-4ed8-8329-8fab838bba14,1ff4410d4eaf363ff4ae204e65b3ad6982110c47
vriezenveen,d87cfb5f-61e0-4ed8-8329-8fab838bba14,3220281663936910c3901f9bbe71979e02fbc3f3
vriezenveen,d87cfb5f-61e0-4ed8-8329-8fab838bba14,199b5dcb5f52c733cb116e1204264471eff0e100
vriezenveen,d87cfb5f-61e0-4ed8-8329-8fab838bba14,ddddf22067619ff38be04413f83ee26ecadffbad
vriezenveen,d87cfb5f-61e0-4ed8-8329-8fab838bba14,1a6d711c3fda781e856db5323b033caf11c28057
vriezenveen,d87cfb5f-61e0-4ed8-8329-8fab838bba14,58f657ae3fe1d3f9292e50132eda5eff64467bb2
vriezenveen,d87cfb5f-61e0-4ed8-8329-8fab838bba14,549cd58ddb04dd8f97be87002599ab23a85a521d
idskenhuizen,7cb7d3f3-dc27-4e2c-be47-029a56bd2d36,3c96070774dbc8839f5d84c4e0a7971192da3d82
egmond,15d09aca-9db3-40fd-be7e-e3934479dc2e,f155fd79490a45b0be2a1beec65c949921e27380
egmond,15d09aca-9db3-40fd-be7e-e3934479dc2e,bb0471f60e85401d8b50cdfec82502541c397363
walsoorden,22a753d8-7ae4-430a-a23c-9a1998532ab7,b5e6dfdcc97713c05061063d98e566dc370462b6
walsoorden,22a753d8-7ae4-430a-a23c-9a1998532ab7,d0ed1f1911e0e71fbf3983817d9c6470d4f3601b
walsoorden,22a753d8-7ae4-430a-a23c-9a1998532ab7,a146a1260df9d7d12af8c9eddd7f8795371a40ef
beerta,6e793e45-a80b-4915-8dfc-21cac789e8e6,f3dcc406e2f1bb09108773d71dc33ef04c847529
stellendam,e95bd34e-9a14-4ebf-b40a-84389b488feb,6ad701edd79d44806d74ba2433872ecff91d74fc
sleeuwijk,773ae889-33e9-42b5-b714-7ec9a5b995e7,50bf022c1cf8032f0d3b3b9faffb7fdc8d25d32a
sleeuwijk,773ae889-33e9-42b5-b714-7ec9a5b995e7,9a41e10f75351167c7aae73c41415d8529a9e22f
sleeuwijk,773ae889-33e9-42b5-b714-7ec9a5b995e7,2de2a6287d215146768261c78a7622b93e45e815
sleeuwijk,773ae889-33e9-42b5-b714-7ec9a5b995e7,45770c53a9e7d39324c45b696781716b1e898ea7
sleeuwijk,773ae889-33e9-42b5-b714-7ec9a5b995e7,4e86bca602da07129386bf208077af45477e4ff8
offingawier,06a940c2-9d2f-46a2-9d81-7cfd8d6d8949,3289ffb061d1eb3d71f3087b743d40984408c08f